{
  "by_quartile": [
    {
      "quartile": 0,
      "n_storms": 8,
      "n_quiet_groups": 330,
      "phase_lo": 0.29694700059862733,
      "phase_hi": 0.4397822667093595,
      "f107_lo": 65.8,
      "f107_hi": 92.4,
      "storm_rate": 0.018489972119735784,
      "quiet_rate": 0.014907294582671784,
      "ratio": 1.2403304984144137,
      "ratio_ci_lo": 0.3034993331694411,
      "ratio_ci_hi": 1.9661699137796003
    },
    {
      "quartile": 1,
      "n_storms": 8,
      "n_quiet_groups": 308,
      "phase_lo": 0.4397822667093595,
      "phase_hi": 0.6147763500438529,
      "f107_lo": 92.4,
      "f107_hi": 130.8,
      "storm_rate": 0.029731855430025454,
      "quiet_rate": 0.04493655321185136,
      "ratio": 0.6616407646989736,
      "ratio_ci_lo": 0.3001347587279713,
      "ratio_ci_hi": 1.034086224536193
    },
    {
      "quartile": 2,
      "n_storms": 7,
      "n_quiet_groups": 318,
      "phase_lo": 0.6147763500438529,
      "phase_hi": 0.8275674847906892,
      "f107_lo": 130.8,
      "f107_hi": 165.8,
      "storm_rate": 0.04831771638111256,
      "quiet_rate": 0.06410986146027606,
      "ratio": 0.7536705786059346,
      "ratio_ci_lo": 0.3467472709507608,
      "ratio_ci_hi": 1.1548636789158149
    },
    {
      "quartile": 3,
      "n_storms": 8,
      "n_quiet_groups": 288,
      "phase_lo": 0.8275674847906892,
      "phase_hi": 1.1376703651626734,
      "f107_lo": 165.8,
      "f107_hi": 303.2,
      "storm_rate": 0.07759370288084658,
      "quiet_rate": 0.086055479321109,
      "ratio": 0.9016706837610189,
      "ratio_ci_lo": 0.34257838243017097,
      "ratio_ci_hi": 1.398047977247072
    }
  ]
}